<metadata xml:lang="nl"><Esri><CreaDate>20241206</CreaDate><CreaTime>08573500</CreaTime><ArcGISFormat>1.0</ArcGISFormat><SyncOnce>FALSE</SyncOnce><DataProperties><itemProps><itemName Sync="TRUE">marineclipfinal</itemName><imsContentType Sync="TRUE">002</imsContentType><itemLocation><linkage Sync="TRUE">file://\\WSU-5CG22023NR\Users\lartey\OneDrive - Stichting Deltares\Desktop\DesirMED_Work_Together\1_Project_Data\1_Land_Use_Processed\Governance\intersects\Allshapefileclipped\marineclipfinal.shp</linkage><protocol Sync="TRUE">Local Area Network</protocol></itemLocation><itemSize Sync="TRUE">0.000</itemSize></itemProps><coordRef><type Sync="TRUE">Geographic</type><geogcsn Sync="TRUE">GCS_WGS_1984</geogcsn><csUnits Sync="TRUE">Angular Unit: Degree (0.017453)</csUnits><peXml Sync="TRUE">&lt;GeographicCoordinateSystem xsi:type='typens:GeographicCoordinateSystem' xmlns:xsi='http://www.w3.org/2001/XMLSchema-instance' xmlns:xs='http://www.w3.org/2001/XMLSchema' xmlns:typens='http://www.esri.com/schemas/ArcGIS/3.4.0'&gt;&lt;WKT&gt;GEOGCS[&amp;quot;GCS_WGS_1984&amp;quot;,DATUM[&amp;quot;D_WGS_1984&amp;quot;,SPHEROID[&amp;quot;WGS_1984&amp;quot;,6378137.0,298.257223563]],PRIMEM[&amp;quot;Greenwich&amp;quot;,0.0],UNIT[&amp;quot;Degree&amp;quot;,0.0174532925199433],AUTHORITY[&amp;quot;EPSG&amp;quot;,4326]]&lt;/WKT&gt;&lt;XOrigin&gt;-400&lt;/XOrigin&gt;&lt;YOrigin&gt;-400&lt;/YOrigin&gt;&lt;XYScale&gt;11258999068426.238&lt;/XYScale&gt;&lt;ZOrigin&gt;-100000&lt;/ZOrigin&gt;&lt;ZScale&gt;10000&lt;/ZScale&gt;&lt;MOrigin&gt;-100000&lt;/MOrigin&gt;&lt;MScale&gt;10000&lt;/MScale&gt;&lt;XYTolerance&gt;8.983152841195215e-09&lt;/XYTolerance&gt;&lt;ZTolerance&gt;0.001&lt;/ZTolerance&gt;&lt;MTolerance&gt;0.001&lt;/MTolerance&gt;&lt;HighPrecision&gt;true&lt;/HighPrecision&gt;&lt;LeftLongitude&gt;-180&lt;/LeftLongitude&gt;&lt;WKID&gt;4326&lt;/WKID&gt;&lt;LatestWKID&gt;4326&lt;/LatestWKID&gt;&lt;/GeographicCoordinateSystem&gt;</peXml></coordRef><lineage><Process Name="Clip (2)" ToolSource="c:\program files\arcgis\pro\Resources\ArcToolbox\toolboxes\Analysis Tools.tbx\Clip" Date="20241206" Time="085740">Clip marine split_dalmatia_county_border "C:\Users\lartey\OneDrive - Stichting Deltares\Desktop\DesirMED Work_Together\1 Project Data\1 Land Use_Processed\Governance\intersects\intersects.gdb\marineclip" #</Process><Process ToolSource="c:\program files\arcgis\pro\Resources\ArcToolbox\toolboxes\Conversion Tools.tbx\ExportFeatures" Date="20241206" Time="122455">ExportFeatures "C:\Users\lartey\OneDrive - Stichting Deltares\Desktop\DesirMED Work_Together\1 Project Data\1 Land Use_Processed\Governance\intersects\intersects.gdb\marineclip" "C:\Users\lartey\OneDrive - Stichting Deltares\Desktop\DesirMED Work_Together\1 Project Data\Governance\Water governance\Marine\marineclipfinal.shp" # NOT_USE_ALIAS "fid_1 "fid_1" true true false 8 Double 0 0,First,#,C:\Users\lartey\OneDrive - Stichting Deltares\Desktop\DesirMED Work_Together\1 Project Data\1 Land Use_Processed\Governance\intersects\intersects.gdb\marineclip,fid_1,-1,-1;OBJECTID "OBJECTID" true true false 8 Double 0 0,First,#,C:\Users\lartey\OneDrive - Stichting Deltares\Desktop\DesirMED Work_Together\1 Project Data\1 Land Use_Processed\Governance\intersects\intersects.gdb\marineclip,OBJECTID,-1,-1;Id "Id" true true false 5 Text 0 0,First,#,C:\Users\lartey\OneDrive - Stichting Deltares\Desktop\DesirMED Work_Together\1 Project Data\1 Land Use_Processed\Governance\intersects\intersects.gdb\marineclip,Id,0,4;name "name" true true false 254 Text 0 0,First,#,C:\Users\lartey\OneDrive - Stichting Deltares\Desktop\DesirMED Work_Together\1 Project Data\1 Land Use_Processed\Governance\intersects\intersects.gdb\marineclip,name,0,253;envDomain "envDomain" true true false 5 Text 0 0,First,#,C:\Users\lartey\OneDrive - Stichting Deltares\Desktop\DesirMED Work_Together\1 Project Data\1 Land Use_Processed\Governance\intersects\intersects.gdb\marineclip,envDomain,0,4;zoneType "zoneType" true true false 12 Text 0 0,First,#,C:\Users\lartey\OneDrive - Stichting Deltares\Desktop\DesirMED Work_Together\1 Project Data\1 Land Use_Processed\Governance\intersects\intersects.gdb\marineclip,zoneType,0,11;spZoneType "spZoneType" true true false 20 Text 0 0,First,#,C:\Users\lartey\OneDrive - Stichting Deltares\Desktop\DesirMED Work_Together\1 Project Data\1 Land Use_Processed\Governance\intersects\intersects.gdb\marineclip,spZoneType,0,19;Shape_Leng "Shape_Leng" true true false 8 Double 0 0,First,#,C:\Users\lartey\OneDrive - Stichting Deltares\Desktop\DesirMED Work_Together\1 Project Data\1 Land Use_Processed\Governance\intersects\intersects.gdb\marineclip,Shape_Leng,-1,-1;Shape_Length "Shape_Length" false true true 8 Double 0 0,First,#,C:\Users\lartey\OneDrive - Stichting Deltares\Desktop\DesirMED Work_Together\1 Project Data\1 Land Use_Processed\Governance\intersects\intersects.gdb\marineclip,Shape_Length,-1,-1;Shape_Area "Shape_Area" false true true 8 Double 0 0,First,#,C:\Users\lartey\OneDrive - Stichting Deltares\Desktop\DesirMED Work_Together\1 Project Data\1 Land Use_Processed\Governance\intersects\intersects.gdb\marineclip,Shape_Area,-1,-1" #</Process><Process ToolSource="c:\program files\arcgis\pro\Resources\ArcToolbox\toolboxes\Data Management Tools.tbx\CopyFeatures" Date="20241210" Time="152231">CopyFeatures CLIPS\marineclipfinal "C:\Users\lartey\OneDrive - Stichting Deltares\Desktop\DesirMED_Work_Together\1_Project_Data\1_Land_Use_Processed\Governance\intersects\Allshapefileclipped\marineclipfinal.shp" # # # #</Process></lineage></DataProperties><SyncDate>20241210</SyncDate><SyncTime>15223100</SyncTime><ModDate>20241210</ModDate><ModTime>15223100</ModTime></Esri><dataIdInfo><envirDesc Sync="TRUE">Microsoft Windows 10 Version 10.0 (Build 22631) ; Esri ArcGIS 13.4.0.55405</envirDesc><dataLang><languageCode value="nld" Sync="TRUE"></languageCode><countryCode value="NLD" Sync="TRUE"></countryCode></dataLang><idCitation><resTitle Sync="TRUE">marineclipfinal</resTitle><presForm><PresFormCd value="005" Sync="TRUE"></PresFormCd></presForm></idCitation><spatRpType><SpatRepTypCd value="001" Sync="TRUE"></SpatRepTypCd></spatRpType></dataIdInfo><mdLang><languageCode value="nld" Sync="TRUE"></languageCode><countryCode value="NLD" Sync="TRUE"></countryCode></mdLang><distInfo><distFormat><formatName Sync="TRUE">Shapefile</formatName></distFormat><distTranOps><transSize Sync="TRUE">0.000</transSize></distTranOps></distInfo><mdHrLv><ScopeCd value="005" Sync="TRUE"></ScopeCd></mdHrLv><mdHrLvName Sync="TRUE">dataset</mdHrLvName><refSysInfo><RefSystem><refSysID><identCode code="4326" Sync="TRUE"></identCode><idCodeSpace Sync="TRUE">EPSG</idCodeSpace><idVersion Sync="TRUE">6.2(3.0.1)</idVersion></refSysID></RefSystem></refSysInfo><spatRepInfo><VectSpatRep><geometObjs Name="marineclipfinal"><geoObjTyp><GeoObjTypCd value="002" Sync="TRUE"></GeoObjTypCd></geoObjTyp><geoObjCnt Sync="TRUE">0</geoObjCnt></geometObjs><topLvl><TopoLevCd value="001" Sync="TRUE"></TopoLevCd></topLvl></VectSpatRep></spatRepInfo><spdoinfo><ptvctinf><esriterm Name="marineclipfinal"><efeatyp Sync="TRUE">Simple</efeatyp><efeageom code="4" Sync="TRUE"></efeageom><esritopo Sync="TRUE">FALSE</esritopo><efeacnt Sync="TRUE">0</efeacnt><spindex Sync="TRUE">FALSE</spindex><linrefer Sync="TRUE">FALSE</linrefer></esriterm></ptvctinf></spdoinfo><eainfo><detailed Name="marineclipfinal"><enttyp><enttypl Sync="TRUE">marineclipfinal</enttypl><enttypt Sync="TRUE">Feature Class</enttypt><enttypc Sync="TRUE">0</enttypc></enttyp><attr><attrlabl Sync="TRUE">FID</attrlabl><attalias Sync="TRUE">FID</attalias><attrtype Sync="TRUE">OID</attrtype><attwidth Sync="TRUE">4</attwidth><atprecis Sync="TRUE">0</atprecis><attscale Sync="TRUE">0</attscale><attrdef Sync="TRUE">Internal feature number.</attrdef><attrdefs Sync="TRUE">Esri</attrdefs><attrdomv><udom Sync="TRUE">Sequential unique whole numbers that are automatically generated.</udom></attrdomv></attr><attr><attrlabl Sync="TRUE">OBJECTID_1</attrlabl><attalias Sync="TRUE">OBJECTID_1</attalias><attrtype Sync="TRUE">Double</attrtype><attwidth Sync="TRUE">19</attwidth><atprecis Sync="TRUE">0</atprecis><attscale Sync="TRUE">0</attscale><attrdef Sync="TRUE">Internal feature number.</attrdef><attrdefs Sync="TRUE">Esri</attrdefs><attrdomv><udom Sync="TRUE">Sequential unique whole numbers that are automatically generated.</udom></attrdomv></attr><attr><attrlabl Sync="TRUE">Shape</attrlabl><attalias Sync="TRUE">Shape</attalias><attrtype Sync="TRUE">Geometry</attrtype><attwidth Sync="TRUE">0</attwidth><atprecis Sync="TRUE">0</atprecis><attscale Sync="TRUE">0</attscale><attrdef Sync="TRUE">Feature geometry.</attrdef><attrdefs Sync="TRUE">Esri</attrdefs><attrdomv><udom Sync="TRUE">Coordinates defining the features.</udom></attrdomv></attr><attr><attrlabl Sync="TRUE">fid_1</attrlabl><attalias Sync="TRUE">fid_1</attalias><attrtype Sync="TRUE">Double</attrtype><attwidth Sync="TRUE">19</attwidth><atprecis Sync="TRUE">0</atprecis><attscale Sync="TRUE">0</attscale></attr><attr><attrlabl Sync="TRUE">Id</attrlabl><attalias Sync="TRUE">Id</attalias><attrtype Sync="TRUE">String</attrtype><attwidth Sync="TRUE">5</attwidth><atprecis Sync="TRUE">0</atprecis><attscale Sync="TRUE">0</attscale></attr><attr><attrlabl Sync="TRUE">name</attrlabl><attalias Sync="TRUE">name</attalias><attrtype Sync="TRUE">String</attrtype><attwidth Sync="TRUE">254</attwidth><atprecis Sync="TRUE">0</atprecis><attscale Sync="TRUE">0</attscale></attr><attr><attrlabl Sync="TRUE">envDomain</attrlabl><attalias Sync="TRUE">envDomain</attalias><attrtype Sync="TRUE">String</attrtype><attwidth Sync="TRUE">5</attwidth><atprecis Sync="TRUE">0</atprecis><attscale Sync="TRUE">0</attscale></attr><attr><attrlabl Sync="TRUE">zoneType</attrlabl><attalias Sync="TRUE">zoneType</attalias><attrtype Sync="TRUE">String</attrtype><attwidth Sync="TRUE">12</attwidth><atprecis Sync="TRUE">0</atprecis><attscale Sync="TRUE">0</attscale></attr><attr><attrlabl Sync="TRUE">spZoneType</attrlabl><attalias Sync="TRUE">spZoneType</attalias><attrtype Sync="TRUE">String</attrtype><attwidth Sync="TRUE">20</attwidth><atprecis Sync="TRUE">0</atprecis><attscale Sync="TRUE">0</attscale></attr><attr><attrlabl Sync="TRUE">Shape_Leng</attrlabl><attalias Sync="TRUE">Shape_Leng</attalias><attrtype Sync="TRUE">Double</attrtype><attwidth Sync="TRUE">19</attwidth><atprecis Sync="TRUE">0</atprecis><attscale Sync="TRUE">0</attscale></attr><attr><attrlabl Sync="TRUE">Shape_Le_1</attrlabl><attalias Sync="TRUE">Shape_Le_1</attalias><attrtype Sync="TRUE">Double</attrtype><attwidth Sync="TRUE">19</attwidth><atprecis Sync="TRUE">0</atprecis><attscale Sync="TRUE">0</attscale></attr><attr><attrlabl Sync="TRUE">Shape_Area</attrlabl><attalias Sync="TRUE">Shape_Area</attalias><attrtype Sync="TRUE">Double</attrtype><attwidth Sync="TRUE">19</attwidth><atprecis Sync="TRUE">0</atprecis><attscale Sync="TRUE">0</attscale><attrdef Sync="TRUE">Area of feature in internal units squared.</attrdef><attrdefs Sync="TRUE">Esri</attrdefs><attrdomv><udom Sync="TRUE">Positive real numbers that are automatically generated.</udom></attrdomv></attr></detailed></eainfo><mdDateSt Sync="TRUE">20241210</mdDateSt></metadata>
